-- phpMyAdmin SQL Dump
-- version 4.8.5
-- https://www.phpmyadmin.net/
--
-- 主机： localhost
-- 生成日期： 2020-06-24 21:50:52
-- 服务器版本： 5.7.26
-- PHP 版本： 7.3.4

SET SQL_MODE = "NO_AUTO_VALUE_ON_ZERO";
SET AUTOCOMMIT = 0;
START TRANSACTION;
SET time_zone = "+00:00";


/*!40101 SET @OLD_CHARACTER_SET_CLIENT=@@CHARACTER_SET_CLIENT */;
/*!40101 SET @OLD_CHARACTER_SET_RESULTS=@@CHARACTER_SET_RESULTS */;
/*!40101 SET @OLD_COLLATION_CONNECTION=@@COLLATION_CONNECTION */;
/*!40101 SET NAMES utf8mb4 */;

--
-- 数据库： `caozha_order`
--

-- --------------------------------------------------------

--
-- 表的结构 `cz_administrators`
--

CREATE TABLE `cz_administrators` (
  `admin_id` int(11) NOT NULL COMMENT '管理员ID',
  `admin_name` varchar(255) DEFAULT NULL COMMENT '用户帐号',
  `admin_password` varchar(255) DEFAULT NULL COMMENT '密码',
  `admin_password_rnd` varchar(255) DEFAULT NULL COMMENT '登陆随机密码',
  `role_id` int(11) DEFAULT '0' COMMENT '权限组ID',
  `is_enabled` tinyint(1) DEFAULT '1' COMMENT '是否启用，1为启用',
  `real_name` varchar(255) DEFAULT NULL COMMENT '真实姓名',
  `tel` varchar(255) DEFAULT NULL COMMENT '电话，手机',
  `email` varchar(255) DEFAULT NULL COMMENT '邮箱',
  `wechat` varchar(255) DEFAULT NULL COMMENT '微信号',
  `qq` varchar(255) DEFAULT NULL COMMENT 'QQ号',
  `last_login_ip` varchar(50) DEFAULT NULL COMMENT '最后登陆IP',
  `last_login_time` datetime DEFAULT NULL COMMENT '最后登陆时间',
  `last_logout_time` datetime DEFAULT NULL COMMENT '最后退出时间',
  `login_times` int(11) DEFAULT NULL COMMENT '登陆次数',
  `admin_remarks` text COMMENT '备注'
) ENGINE=MyISAM DEFAULT CHARSET=utf8;

--
-- 转存表中的数据 `cz_administrators`
--

INSERT INTO `cz_administrators` (`admin_id`, `admin_name`, `admin_password`, `admin_password_rnd`, `role_id`, `is_enabled`, `real_name`, `tel`, `email`, `wechat`, `qq`, `last_login_ip`, `last_login_time`, `last_logout_time`, `login_times`, `admin_remarks`) VALUES
(1, 'caozha', '5fd9cd58f4e516bae46557b355c5208a', NULL, 1, 1, '草札', '1320000000', 'dzh188@qq.com', 'wx', 'qq', '127.0.0.1', '2020-06-24 09:55:05', '2020-06-22 17:49:49', 77, NULL),
(2, 'dd78', 'ee04ddc4fea36f4ce797766b6c4f66a4', NULL, 2, 1, '查订单', '', '', NULL, NULL, '223.74.103.196', '2018-10-27 19:56:03', '2018-10-27 17:59:46', 4, NULL),
(3, 'xgd', '0b9c6913e2cc2a29571cdf8d5b590baf', NULL, 2, 1, '小谢', '', '', NULL, NULL, '113.65.207.15', '2018-10-27 18:15:00', '2017-05-26 17:11:30', 113, NULL),
(4, 'lb', 'f49c5286a10a22228c79793732acf431', NULL, 2, 0, '邱总', '', '', '', '', '14.145.253.14', '2015-11-04 10:20:05', '2015-10-21 17:54:09', 12, ''),
(5, 'tongji', '97891b84c4370e99661b1aed0047f054', NULL, 2, 1, '统计', '', '', NULL, NULL, '113.109.41.79', '2017-09-07 14:01:35', '2017-04-21 11:05:56', 84, NULL),
(6, 'ebjs', 'ca48d8526924b7c385d13db9f0415be3', NULL, 2, 1, '技术', '', '', '', '', '14.23.122.114', '2018-04-27 08:23:01', '2014-04-01 13:46:44', 714, ''),
(7, 'gg2', '887416f73c49ff6729dd5ea7c68c36aa', NULL, 2, 0, '广告', '', '', '', '', '14.145.252.199', '2015-11-03 10:56:28', '2014-02-14 14:38:09', 1263, ''),
(8, 'wqs', '733b96c977ea5568757c01c578e6fe64', NULL, 2, 1, '小王', '', '', NULL, NULL, '113.65.207.203', '2018-10-29 09:31:33', '2014-02-27 17:55:44', 658, NULL),
(9, 'md', 'ade5c0caf8444c3dedc18b7366368053', NULL, 2, 0, '陈光', '', '', NULL, NULL, '113.119.205.125', '2015-10-21 15:49:25', '2015-03-13 17:20:37', 34, NULL),
(10, 'xhm', '8f8cf8b32d5022ca4ed7fa7e739d4f99', NULL, 2, 0, '许总', '', '', NULL, NULL, '58.62.93.40', '2016-08-10 16:50:58', '2014-11-22 11:04:33', 79, NULL),
(11, 'hedan', '5aca2c7cb35fe3210b25e6acf56fca1d', NULL, 2, 1, '核单', '', '', '', '', '14.23.122.114', '2017-05-11 11:59:40', '2014-12-03 09:52:39', 4505, ''),
(12, 'weixin', '8cdec0532ce92d9e43556d14a52ce87a', NULL, 3, 1, '微信运营', '', '', '', '', '113.111.8.55', '2018-10-18 10:32:47', '2017-09-23 19:40:22', 520, ''),
(14, 'weixin3', '5fd9cd58f4e516bae46557b355c5208a', NULL, 2, 0, '微信客服', '', '', '', '', '113.65.207.203', '2018-10-29 09:38:36', '2018-10-27 18:11:30', 8, ''),
(24, 'test1', '5fd9cd58f4e516bae46557b355c5208a', NULL, 2, 1, '凤2', '', '', '', '', NULL, NULL, NULL, NULL, ''),
(25, 'test2', '5fd9cd58f4e516bae46557b355c5208a', NULL, 2, 1, '', '', '', '', '', NULL, NULL, NULL, NULL, '');

-- --------------------------------------------------------

--
-- 表的结构 `cz_order`
--

CREATE TABLE `cz_order` (
  `order_id` int(11) NOT NULL,
  `realname` varchar(255) DEFAULT NULL COMMENT '收货人',
  `gender` varchar(10) DEFAULT NULL COMMENT '性别',
  `tel` varchar(255) DEFAULT NULL COMMENT '电话',
  `addresss` varchar(500) DEFAULT NULL COMMENT '地址',
  `payment` tinyint(1) DEFAULT '1' COMMENT '付款方式：1=货到付款，2=款到发货，3=在线支付',
  `quantity` int(11) DEFAULT '1' COMMENT '订购数量',
  `amount` decimal(11,2) DEFAULT '0.00' COMMENT '订单金额',
  `remarks` text COMMENT '客户备注',
  `pro_name` varchar(255) DEFAULT NULL COMMENT '产品名称',
  `pro_options` text COMMENT '订购选项',
  `pro_sign` varchar(50) DEFAULT NULL COMMENT '产品标识符',
  `wechat` varchar(50) DEFAULT NULL COMMENT '微信号',
  `qq` varchar(50) DEFAULT NULL COMMENT 'QQ',
  `email` varchar(50) DEFAULT NULL COMMENT '客户邮箱',
  `postal_code` varchar(50) DEFAULT NULL COMMENT '邮政编码',
  `addtime` datetime DEFAULT CURRENT_TIMESTAMP COMMENT '下单时间',
  `listorder` int(11) DEFAULT '0' COMMENT '排序',
  `status` tinyint(1) DEFAULT '1' COMMENT '订单状态，1为未处理，2为已处理，3为无效单',
  `admin_remarks` text COMMENT '管理员备注',
  `ip` varchar(50) DEFAULT '' COMMENT '客户IP',
  `is_show` tinyint(2) DEFAULT '0' COMMENT '是否已经查看',
  `client` varchar(200) DEFAULT NULL COMMENT '客户端：如windows，iphone',
  `pro_url` varchar(500) DEFAULT NULL COMMENT '下单网址',
  `from_url` varchar(500) DEFAULT NULL COMMENT '访客来路',
  `is_del` tinyint(2) DEFAULT '0' COMMENT '订单是否已删除'
) ENGINE=MyISAM DEFAULT CHARSET=utf8;

--
-- 转存表中的数据 `cz_order`
--

INSERT INTO `cz_order` (`order_id`, `realname`, `gender`, `tel`, `addresss`, `payment`, `quantity`, `amount`, `remarks`, `pro_name`, `pro_options`, `pro_sign`, `wechat`, `qq`, `email`, `postal_code`, `addtime`, `listorder`, `status`, `admin_remarks`, `ip`, `is_show`, `client`, `pro_url`, `from_url`, `is_del`) VALUES
(1, '草札测试', NULL, '13286895000', '广西/@/贵港市/@/港北区/@/测试地址', 1, 1, '3999.00', '', '小米10', '小米10（8GB+128GB）', 'mi10', NULL, NULL, NULL, NULL, '2020-06-24 21:31:58', 0, 1, NULL, '127.0.0.1', 0, 'Windows 10（Safari 537.36）', 'http://order/admin/product/index.html', '', 0),
(2, '测试', NULL, '13212345600', '山西省/@/大同市/@/阳高县/@/测试地址', 1, 1, '7998.00', '', '苹果iPhone11', '苹果iPhone11（买2部手机送充电宝6个）', 'iphone11', NULL, NULL, NULL, NULL, '2020-06-24 21:33:17', 0, 1, NULL, '127.0.0.1', 0, 'Windows 10（Safari 537.36）', 'http://order/admin/product/index.html', '', 1),
(3, '张飞', NULL, '13212345612', '山西省/@/大同市/@/矿区/@/XX小区', 1, 1, '3999.00', '快点发货哦', '苹果iPhone11', '苹果iPhone11（买手机送充电宝2个）', 'iphone11', NULL, NULL, NULL, NULL, '2020-06-24 21:34:06', 0, 1, NULL, '127.0.0.1', 0, 'Windows 10（Safari 537.36）', 'http://order/admin/product/index.html', '', 0),
(4, '王生', NULL, '13266521121', '吉林省/@/长春市/@/朝阳区/@/南天门XX街', 1, 1, '3999.00', '急用，快发货', '苹果iPhone11', '苹果iPhone11（买手机送充电宝2个）', 'iphone11', NULL, NULL, NULL, NULL, '2020-06-24 21:48:43', 0, 1, NULL, '127.0.0.1', 0, 'Windows 10（Safari 537.36）', 'http://order/admin/product/index.html', '', 0);

-- --------------------------------------------------------

--
-- 表的结构 `cz_product`
--

CREATE TABLE `cz_product` (
  `pro_id` int(11) NOT NULL,
  `pro_name` varchar(1000) DEFAULT NULL COMMENT '产品名称',
  `pro_options` text COMMENT '订购选项，依次顺序：描述|价格|是否选中，1为选中',
  `pro_sign` varchar(500) DEFAULT NULL COMMENT '产品标识符',
  `updatetime` datetime DEFAULT CURRENT_TIMESTAMP COMMENT '添加时间',
  `hits` int(11) DEFAULT '0' COMMENT '浏览次数',
  `listorder` int(11) DEFAULT '0' COMMENT '排序',
  `status` tinyint(4) DEFAULT '1' COMMENT '审核状态，1未审，2已审，3无效',
  `templates` varchar(500) DEFAULT 'default.html' COMMENT '订单模板',
  `tips_type` tinyint(1) DEFAULT '1' COMMENT '提醒类型，1=弹出成功对话框，2=跳转URL',
  `tips_text` varchar(500) DEFAULT NULL COMMENT '对话框提示语',
  `tips_url` varchar(200) DEFAULT NULL COMMENT '跳转的URL'
) ENGINE=MyISAM DEFAULT CHARSET=utf8;

--
-- 转存表中的数据 `cz_product`
--

INSERT INTO `cz_product` (`pro_id`, `pro_name`, `pro_options`, `pro_sign`, `updatetime`, `hits`, `listorder`, `status`, `templates`, `tips_type`, `tips_text`, `tips_url`) VALUES
(1, '苹果iPhone11', '苹果iPhone11（买手机送充电宝2个）||3999||1\n苹果iPhone11（买2部手机送充电宝6个）||7998||0', 'iphone11', '2020-06-24 21:20:46', 0, 0, 2, 'default', 1, '订单提交成功！我们会尽快给您发货，谢谢您的支持！', ''),
(2, '小米10', '小米10（8GB+128GB）||3999||1\n小米10（8GB+256GB）||4299||0\n小米10（12GB+256GB）||4699||0', 'mi10', '2020-06-24 21:25:02', 0, 0, 2, 'default', 1, '订单提交成功！我们会尽快给您发货，谢谢您的支持！', '');

-- --------------------------------------------------------

--
-- 表的结构 `cz_roles`
--

CREATE TABLE `cz_roles` (
  `role_id` int(11) NOT NULL COMMENT '权限组ID',
  `roles` text COLLATE utf8mb4_unicode_ci COMMENT '权限标识符，多个中间用,分隔',
  `role_name` varchar(255) COLLATE utf8mb4_unicode_ci DEFAULT NULL COMMENT '权限组名称',
  `role_remarks` text COLLATE utf8mb4_unicode_ci COMMENT '备注',
  `is_enabled` tinyint(1) DEFAULT '1' COMMENT '是否启用，1为启用'
) ENGINE=MyISAM DEFAULT CHARSET=utf8mb4 COLLATE=utf8mb4_unicode_ci;

--
-- 转存表中的数据 `cz_roles`
--

INSERT INTO `cz_roles` (`role_id`, `roles`, `role_name`, `role_remarks`, `is_enabled`) VALUES
(1, 'config,roles,admin,log_view,log_del,mine,product,order_view,order_todo,order_del,order_export,order_recycle', '超级管理员', '可使用后台所有功能', 1),
(2, 'article', '内容管理员', '测试停用', 0),
(3, 'article', '编辑', '只管理文章', 1);

-- --------------------------------------------------------

--
-- 表的结构 `cz_syslog`
--

CREATE TABLE `cz_syslog` (
  `log_id` int(11) NOT NULL,
  `log_content` text COMMENT '系统日志内容',
  `log_user` varchar(255) DEFAULT NULL COMMENT '操作管理员',
  `log_ip` varchar(50) DEFAULT NULL COMMENT 'IP',
  `log_datetime` datetime DEFAULT NULL COMMENT '操作时间'
) ENGINE=MyISAM DEFAULT CHARSET=utf8 COMMENT='系统日志';

--
-- 转存表中的数据 `cz_syslog`
--

INSERT INTO `cz_syslog` (`log_id`, `log_content`, `log_user`, `log_ip`, `log_datetime`) VALUES
(1, '尝试使用管理员账号[admin]登陆失败，可能原因：账号或密码错误。', '未知', '127.0.0.1', '2020-05-19 20:50:59'),
(2, '登陆成功', 'caozha（ID:1，姓名:草札）', '127.0.0.1', '2020-05-19 20:51:16'),
(3, '退出登陆', 'caozha（ID:1，姓名:草札）', '127.0.0.1', '2020-05-19 20:53:44'),
(4, '登陆成功', 'caozha（ID:1，姓名:草札）', '127.0.0.1', '2020-05-19 23:42:28'),
(5, '退出登陆', 'caozha（ID:1，姓名:草札）', '127.0.0.1', '2020-05-20 01:24:28'),
(6, '登陆成功', 'caozha（ID:1，姓名:草札）', '127.0.0.1', '2020-05-20 01:24:39'),
(8, '退出登陆', 'caozha（ID:1，姓名:草札）', '127.0.0.1', '2020-05-20 11:14:03'),
(9, '登陆成功', 'caozha（ID:1，姓名:草札）', '127.0.0.1', '2020-05-20 11:14:15'),
(15, '删除系统日志(ID)：10（共1条）', 'caozha（ID:1，姓名:草札）', '127.0.0.1', '2020-05-20 11:44:03'),
(11, '修改权限组：超级管理员，ID：1', 'caozha（ID:1，姓名:草札）', '127.0.0.1', '2020-05-20 11:33:37'),
(12, '修改权限组：超级管理员，ID：1', 'caozha（ID:1，姓名:草札）', '127.0.0.1', '2020-05-20 11:34:13'),
(13, '退出登陆', 'caozha（ID:1，姓名:草札）', '127.0.0.1', '2020-05-20 11:34:21'),
(14, '登陆成功', 'caozha（ID:1，姓名:草札）', '127.0.0.1', '2020-05-20 11:34:40'),
(16, '修改管理员账号：weixin，ID：12', 'caozha（ID:1，姓名:草札）', '127.0.0.1', '2020-05-20 11:52:05'),
(17, '新增管理员账号：test1，ID：24', 'caozha（ID:1，姓名:草札）', '127.0.0.1', '2020-05-20 14:50:28'),
(18, '新增管理员账号：test2，ID：25', 'caozha（ID:1，姓名:草札）', '127.0.0.1', '2020-05-20 14:51:25'),
(19, '修改管理员账号：test1，ID：24', 'caozha（ID:1，姓名:草札）', '127.0.0.1', '2020-05-20 15:08:01'),
(20, '修改权限组：超级管理员，ID：1', 'caozha（ID:1，姓名:草札）', '127.0.0.1', '2020-05-20 15:26:53'),
(21, '修改权限组：超级管理员，ID：1', 'caozha（ID:1，姓名:草札）', '127.0.0.1', '2020-05-20 15:30:53'),
(22, '修改权限组：内容管理员，ID：2', 'caozha（ID:1，姓名:草札）', '127.0.0.1', '2020-05-20 15:31:00'),
(23, '修改权限组：编辑，ID：3', 'caozha（ID:1，姓名:草札）', '127.0.0.1', '2020-05-20 15:31:04'),
(24, '修改权限组：超级管理员，ID：1', 'caozha（ID:1，姓名:草札）', '127.0.0.1', '2020-05-20 17:47:03'),
(25, '修改管理员账号：lb，ID：4', 'caozha（ID:1，姓名:草札）', '127.0.0.1', '2020-05-20 18:24:50'),
(26, '退出登陆', 'caozha（ID:1，姓名:草札）', '127.0.0.1', '2020-05-20 18:24:59'),
(27, '登陆成功', 'caozha（ID:1，姓名:草札）', '127.0.0.1', '2020-05-20 18:29:54'),
(28, '修改系统设置', 'caozha（ID:1，姓名:草札）', '127.0.0.1', '2020-05-20 20:16:04'),
(29, '修改系统设置', 'caozha（ID:1，姓名:草札）', '127.0.0.1', '2020-05-20 20:16:16'),
(30, '修改系统设置', 'caozha（ID:1，姓名:草札）', '127.0.0.1', '2020-05-20 20:17:23'),
(31, '修改系统设置', 'caozha（ID:1，姓名:草札）', '127.0.0.1', '2020-05-20 20:45:00'),
(32, '修改系统设置', 'caozha（ID:1，姓名:草札）', '127.0.0.1', '2020-05-20 20:47:15'),
(33, '修改系统设置', 'caozha（ID:1，姓名:草札）', '127.0.0.1', '2020-05-20 20:49:27'),
(34, '修改系统设置', 'caozha（ID:1，姓名:草札）', '127.0.0.1', '2020-05-20 20:50:10'),
(35, '修改系统设置', 'caozha（ID:1，姓名:草札）', '127.0.0.1', '2020-05-20 21:14:09'),
(36, '修改系统设置', 'caozha（ID:1，姓名:草札）', '127.0.0.1', '2020-05-20 21:18:14'),
(37, '修改系统设置', 'caozha（ID:1，姓名:草札）', '127.0.0.1', '2020-05-20 21:22:27'),
(38, '登陆成功', 'caozha（ID:1，姓名:草札）', '127.0.0.1', '2020-05-20 23:49:14'),
(39, '修改系统设置', 'caozha（ID:1，姓名:草札）', '127.0.0.1', '2020-05-20 23:55:13'),
(40, '修改系统设置', 'caozha（ID:1，姓名:草札）', '127.0.0.1', '2020-05-21 00:02:42'),
(41, '修改系统设置', 'caozha（ID:1，姓名:草札）', '127.0.0.1', '2020-05-21 00:16:45'),
(42, '修改系统设置', 'caozha（ID:1，姓名:草札）', '127.0.0.1', '2020-05-21 00:22:55'),
(43, '修改系统设置', 'caozha（ID:1，姓名:草札）', '127.0.0.1', '2020-05-21 00:27:42'),
(44, '修改系统设置', 'caozha（ID:1，姓名:草札）', '127.0.0.1', '2020-05-21 00:37:08'),
(45, '修改系统设置', 'caozha（ID:1，姓名:草札）', '127.0.0.1', '2020-05-21 00:46:18'),
(46, '修改系统设置', 'caozha（ID:1，姓名:草札）', '127.0.0.1', '2020-05-21 00:52:49'),
(47, '修改系统设置', 'caozha（ID:1，姓名:草札）', '127.0.0.1', '2020-05-21 00:56:56'),
(48, '修改权限组：超级管理员，ID：1', 'caozha（ID:1，姓名:草札）', '127.0.0.1', '2020-05-21 01:00:54'),
(49, '退出登陆', 'caozha（ID:1，姓名:草札）', '127.0.0.1', '2020-05-21 01:00:57'),
(50, '登陆成功', 'caozha（ID:1，姓名:草札）', '127.0.0.1', '2020-05-21 01:01:12'),
(51, '退出登陆', 'caozha（ID:1，姓名:草札）', '127.0.0.1', '2020-05-21 01:37:37'),
(52, '登陆成功', 'caozha（ID:1，姓名:草札）', '127.0.0.1', '2020-05-21 01:37:51'),
(53, '修改权限组：超级管理员，ID：1', 'caozha（ID:1，姓名:草札）', '127.0.0.1', '2020-05-21 01:38:07'),
(54, '登陆成功', 'caozha（ID:1，姓名:草札）', '127.0.0.1', '2020-05-21 10:00:22'),
(55, '修改权限组：超级管理员，ID：1', 'caozha（ID:1，姓名:草札）', '127.0.0.1', '2020-05-21 10:19:45'),
(56, '修改权限组：超级管理员，ID：1', 'caozha（ID:1，姓名:草札）', '127.0.0.1', '2020-05-21 10:20:47'),
(57, '退出登陆', 'caozha（ID:1，姓名:草札）', '127.0.0.1', '2020-05-21 10:20:51'),
(58, '登陆成功', 'caozha（ID:1，姓名:草札）', '127.0.0.1', '2020-05-21 10:21:02'),
(59, '修改权限组：超级管理员，ID：1', 'caozha（ID:1，姓名:草札）', '127.0.0.1', '2020-05-21 10:24:09'),
(60, '修改系统设置', 'caozha（ID:1，姓名:草札）', '127.0.0.1', '2020-05-21 10:27:48'),
(61, '退出登陆', 'caozha（ID:1，姓名:草札）', '127.0.0.1', '2020-05-21 10:29:07'),
(62, '登陆成功', 'caozha（ID:1，姓名:草札）', '127.0.0.1', '2020-05-21 10:29:19'),
(63, '修改权限组：超级管理员，ID：1', 'caozha（ID:1，姓名:草札）', '127.0.0.1', '2020-05-21 10:36:46'),
(64, '退出登陆', 'caozha（ID:1，姓名:草札）', '127.0.0.1', '2020-05-21 10:49:46'),
(65, '登陆成功', 'caozha（ID:1，姓名:草札）', '127.0.0.1', '2020-05-21 10:50:04'),
(66, '修改我的资料或密码', 'caozha（ID:1，姓名:草札）', '127.0.0.1', '2020-05-21 11:26:22'),
(67, '修改我的资料或密码', 'caozha（ID:1，姓名:草札）', '127.0.0.1', '2020-05-21 11:27:20'),
(68, '修改我的资料或密码', 'caozha（ID:1，姓名:草札）', '127.0.0.1', '2020-05-21 11:29:31'),
(69, '修改我的资料或密码', 'caozha（ID:1，姓名:草札）', '127.0.0.1', '2020-05-21 11:30:55'),
(70, '修改管理员账号：test1，ID：24', 'caozha（ID:1，姓名:草札）', '127.0.0.1', '2020-05-21 11:32:47'),
(71, '修改我的资料或密码', 'caozha（ID:1，姓名:草札）', '127.0.0.1', '2020-05-21 11:33:21'),
(72, '修改我的资料或密码', 'caozha（ID:1，姓名:草札）', '127.0.0.1', '2020-05-21 15:01:59'),
(73, '修改系统设置', 'caozha（ID:1，姓名:草札）', '127.0.0.1', '2020-05-21 17:53:41'),
(74, '登陆成功', 'caozha（ID:1，姓名:草札）', '127.0.0.1', '2020-05-25 18:06:52'),
(75, '修改管理员账号：test1，ID：24', 'caozha（ID:1，姓名:草札）', '127.0.0.1', '2020-05-25 18:07:14'),
(76, '登陆成功', 'caozha（ID:1，姓名:草札）', '127.0.0.1', '2020-05-28 18:42:21'),
(77, '修改权限组：超级管理员，ID：1', 'caozha（ID:1，姓名:草札）', '127.0.0.1', '2020-05-28 18:49:53'),
(78, '退出登陆', 'caozha（ID:1，姓名:草札）', '127.0.0.1', '2020-05-28 18:49:56'),
(79, '登陆成功', 'caozha（ID:1，姓名:草札）', '127.0.0.1', '2020-05-28 18:50:14'),
(80, '登陆成功', 'caozha（ID:1，姓名:草札）', '127.0.0.1', '2020-05-29 09:44:07'),
(81, '登陆成功', 'caozha（ID:1，姓名:草札）', '127.0.0.1', '2020-05-29 14:35:10'),
(82, '登陆成功', 'caozha（ID:1，姓名:草札）', '127.0.0.1', '2020-05-30 09:40:42'),
(83, '登陆成功', 'caozha（ID:1，姓名:草札）', '127.0.0.1', '2020-05-30 14:32:08'),
(84, '新增子分类：测试2，ID：436', 'caozha（ID:1，姓名:草札）', '127.0.0.1', '2020-05-30 19:24:26'),
(85, '修复栏目数据', 'caozha（ID:1，姓名:草札）', '127.0.0.1', '2020-05-30 19:44:21'),
(86, '修复栏目数据', 'caozha（ID:1，姓名:草札）', '127.0.0.1', '2020-05-30 19:58:59'),
(87, '修复栏目数据', 'caozha（ID:1，姓名:草札）', '127.0.0.1', '2020-05-30 20:01:19'),
(88, '修复栏目数据', 'caozha（ID:1，姓名:草札）', '127.0.0.1', '2020-05-30 20:01:47'),
(89, '修复栏目数据', 'caozha（ID:1，姓名:草札）', '127.0.0.1', '2020-05-30 20:01:50'),
(90, '修复栏目数据', 'caozha（ID:1，姓名:草札）', '127.0.0.1', '2020-05-30 20:06:20'),
(91, '新增子分类：测试4，ID：471', 'caozha（ID:1，姓名:草札）', '127.0.0.1', '2020-05-30 20:06:38'),
(92, '修复栏目数据', 'caozha（ID:1，姓名:草札）', '127.0.0.1', '2020-05-30 20:08:49'),
(93, '修复栏目数据', 'caozha（ID:1，姓名:草札）', '127.0.0.1', '2020-05-30 20:24:45'),
(94, '新增子分类：测试0，ID：472', 'caozha（ID:1，姓名:草札）', '127.0.0.1', '2020-05-30 20:25:15'),
(95, '批量删除单页，分类ID：472', 'caozha（ID:1，姓名:草札）', '127.0.0.1', '2020-05-31 21:07:39'),
(96, '删除分类，catid：472，分类名：测试0', 'caozha（ID:1，姓名:草札）', '127.0.0.1', '2020-05-31 21:07:39'),
(97, '删除子分类，catid：469，分类名：测试3', 'caozha（ID:1，姓名:草札）', '127.0.0.1', '2020-05-31 21:08:35'),
(98, '批量删除单页内容，分类ID：469', 'caozha（ID:1，姓名:草札）', '127.0.0.1', '2020-05-31 21:08:35'),
(99, '删除子分类，catid：470，分类名：测试3', 'caozha（ID:1，姓名:草札）', '127.0.0.1', '2020-05-31 21:08:35'),
(100, '批量删除单页内容，分类ID：470', 'caozha（ID:1，姓名:草札）', '127.0.0.1', '2020-05-31 21:08:35'),
(101, '删除子分类，catid：471，分类名：测试4', 'caozha（ID:1，姓名:草札）', '127.0.0.1', '2020-05-31 21:08:35'),
(102, '批量删除单页内容，分类ID：471', 'caozha（ID:1，姓名:草札）', '127.0.0.1', '2020-05-31 21:08:35'),
(103, '批量删除文章内容，分类ID：436', 'caozha（ID:1，姓名:草札）', '127.0.0.1', '2020-05-31 21:08:35'),
(104, '删除分类，catid：436，分类名：测试2', 'caozha（ID:1，姓名:草札）', '127.0.0.1', '2020-05-31 21:08:35'),
(105, '修复栏目数据', 'caozha（ID:1，姓名:草札）', '127.0.0.1', '2020-05-31 21:12:02'),
(106, '修复分类数据', 'caozha（ID:1，姓名:草札）', '127.0.0.1', '2020-05-31 21:21:48'),
(107, '批量删除单页内容，分类ID：431', 'caozha（ID:1，姓名:草札）', '127.0.0.1', '2020-05-31 21:31:38'),
(108, '删除分类，catid：431，分类名：测试', 'caozha（ID:1，姓名:草札）', '127.0.0.1', '2020-05-31 21:31:38'),
(109, '批量删除单页内容，分类ID：432', 'caozha（ID:1，姓名:草札）', '127.0.0.1', '2020-05-31 21:31:41'),
(110, '删除分类，catid：432，分类名：测试', 'caozha（ID:1，姓名:草札）', '127.0.0.1', '2020-05-31 21:31:41'),
(111, '批量删除单页内容，分类ID：433', 'caozha（ID:1，姓名:草札）', '127.0.0.1', '2020-05-31 21:31:43'),
(112, '删除分类，catid：433，分类名：测试', 'caozha（ID:1，姓名:草札）', '127.0.0.1', '2020-05-31 21:31:43'),
(113, '批量删除文章内容，分类ID：434', 'caozha（ID:1，姓名:草札）', '127.0.0.1', '2020-05-31 21:31:46'),
(114, '删除分类，catid：434，分类名：测试2', 'caozha（ID:1，姓名:草札）', '127.0.0.1', '2020-05-31 21:31:46'),
(115, '批量删除文章内容，分类ID：435', 'caozha（ID:1，姓名:草札）', '127.0.0.1', '2020-05-31 21:31:49'),
(116, '删除分类，catid：435，分类名：测试2', 'caozha（ID:1，姓名:草札）', '127.0.0.1', '2020-05-31 21:31:49'),
(117, '登陆成功', 'caozha（ID:1，姓名:草札）', '127.0.0.1', '2020-06-01 01:32:17'),
(118, '登陆成功', 'caozha（ID:1，姓名:草札）', '127.0.0.1', '2020-06-01 10:19:26'),
(119, '修复分类数据', 'caozha（ID:1，姓名:草札）', '127.0.0.1', '2020-06-01 10:29:53'),
(120, '修复分类数据', 'caozha（ID:1，姓名:草札）', '127.0.0.1', '2020-06-01 10:29:56'),
(121, '修复分类数据', 'caozha（ID:1，姓名:草札）', '127.0.0.1', '2020-06-01 10:30:20'),
(122, '修复分类数据', 'caozha（ID:1，姓名:草札）', '127.0.0.1', '2020-06-01 10:40:01'),
(123, '修复分类数据', 'caozha（ID:1，姓名:草札）', '127.0.0.1', '2020-06-01 10:40:03'),
(124, '修复分类数据', 'caozha（ID:1，姓名:草札）', '127.0.0.1', '2020-06-01 10:40:13'),
(125, '修复分类数据', 'caozha（ID:1，姓名:草札）', '127.0.0.1', '2020-06-01 10:40:15'),
(126, '修复分类数据', 'caozha（ID:1，姓名:草札）', '127.0.0.1', '2020-06-01 10:40:16'),
(127, '修复分类数据', 'caozha（ID:1，姓名:草札）', '127.0.0.1', '2020-06-01 10:40:34'),
(128, '修复分类数据', 'caozha（ID:1，姓名:草札）', '127.0.0.1', '2020-06-01 10:40:37'),
(129, '修复分类数据', 'caozha（ID:1，姓名:草札）', '127.0.0.1', '2020-06-01 10:40:47'),
(130, '修复分类数据', 'caozha（ID:1，姓名:草札）', '127.0.0.1', '2020-06-01 11:20:29'),
(131, '登陆成功', 'caozha（ID:1，姓名:草札）', '127.0.0.1', '2020-06-01 14:03:38'),
(132, '修改系统设置', 'caozha（ID:1，姓名:草札）', '127.0.0.1', '2020-06-01 18:15:49'),
(133, '修改文章，ID：6', 'caozha（ID:1，姓名:草札）', '127.0.0.1', '2020-06-01 20:57:53'),
(134, '新增文章，ID：7', 'caozha（ID:1，姓名:草札）', '127.0.0.1', '2020-06-01 21:15:10'),
(135, '删除文章(ID)：7', 'caozha（ID:1，姓名:草札）', '127.0.0.1', '2020-06-01 21:16:26'),
(136, '修改文章，ID：6', 'caozha（ID:1，姓名:草札）', '127.0.0.1', '2020-06-01 21:35:35'),
(137, '修改文章，ID：6', 'caozha（ID:1，姓名:草札）', '127.0.0.1', '2020-06-01 21:39:52'),
(138, '登陆成功', 'caozha（ID:1，姓名:草札）', '127.0.0.1', '2020-06-02 10:16:49'),
(139, '修改文章，ID：6', 'caozha（ID:1，姓名:草札）', '127.0.0.1', '2020-06-02 14:21:25'),
(140, '修改文章，ID：6', 'caozha（ID:1，姓名:草札）', '127.0.0.1', '2020-06-02 14:21:37'),
(141, '新增文章，ID：8', 'caozha（ID:1，姓名:草札）', '127.0.0.1', '2020-06-02 18:12:41'),
(142, '修改文章，ID：8', 'caozha（ID:1，姓名:草札）', '127.0.0.1', '2020-06-02 18:12:58'),
(143, '登陆成功', 'caozha（ID:1，姓名:草札）', '127.0.0.1', '2020-06-03 11:50:54'),
(144, '登陆成功', 'caozha（ID:1，姓名:草札）', '127.0.0.1', '2020-06-03 14:07:43'),
(145, '修改权限组：超级管理员，ID：1', 'caozha（ID:1，姓名:草札）', '127.0.0.1', '2020-06-03 14:09:06'),
(146, '退出登陆', 'caozha（ID:1，姓名:草札）', '127.0.0.1', '2020-06-03 14:09:10'),
(147, '登陆成功', 'caozha（ID:1，姓名:草札）', '127.0.0.1', '2020-06-03 14:09:21'),
(148, '修改系统设置', 'caozha（ID:1，姓名:草札）', '127.0.0.1', '2020-06-03 14:24:06'),
(149, '新增用户组：普通会员，ID：1', 'caozha（ID:1，姓名:草札）', '127.0.0.1', '2020-06-03 17:06:31'),
(150, '修改会员组：普通会员，ID：1', 'caozha（ID:1，姓名:草札）', '127.0.0.1', '2020-06-03 17:49:20'),
(151, '修改会员组：普通会员，ID：1', 'caozha（ID:1，姓名:草札）', '127.0.0.1', '2020-06-03 17:49:47'),
(152, '删除用户组(ID)：1', 'caozha（ID:1，姓名:草札）', '127.0.0.1', '2020-06-03 17:54:58'),
(153, '新增用户组：测试，ID：2', 'caozha（ID:1，姓名:草札）', '127.0.0.1', '2020-06-03 17:55:05'),
(154, '新增用户组：测试22，ID：3', 'caozha（ID:1，姓名:草札）', '127.0.0.1', '2020-06-03 17:55:16'),
(155, '删除用户组(ID)：2,3', 'caozha（ID:1，姓名:草札）', '127.0.0.1', '2020-06-03 17:55:55'),
(156, '新增用户组：普通会员，ID：1', 'caozha（ID:1，姓名:草札）', '127.0.0.1', '2020-06-03 17:58:01'),
(157, '新增用户组：高级会员，ID：2', 'caozha（ID:1，姓名:草札）', '127.0.0.1', '2020-06-03 17:58:18'),
(158, '修改会员组：普通会员，ID：1', 'caozha（ID:1，姓名:草札）', '127.0.0.1', '2020-06-03 17:59:07'),
(159, '修改会员组：普通会员，ID：1', 'caozha（ID:1，姓名:草札）', '127.0.0.1', '2020-06-03 17:59:13'),
(160, '新增用户，ID：1', 'caozha（ID:1，姓名:草札）', '127.0.0.1', '2020-06-03 20:40:50'),
(161, '修改用户，ID：1', 'caozha（ID:1，姓名:草札）', '127.0.0.1', '2020-06-03 21:06:22'),
(162, '修改用户，ID：1', 'caozha（ID:1，姓名:草札）', '127.0.0.1', '2020-06-03 21:07:03'),
(163, '修改用户，ID：2', 'caozha（ID:1，姓名:草札）', '127.0.0.1', '2020-06-03 21:07:45'),
(164, '删除用户(ID)：3', 'caozha（ID:1，姓名:草札）', '127.0.0.1', '2020-06-03 21:28:11'),
(165, '修改用户，ID：2', 'caozha（ID:1，姓名:草札）', '127.0.0.1', '2020-06-03 21:48:26'),
(166, '登陆成功', 'caozha（ID:1，姓名:草札）', '127.0.0.1', '2020-06-04 09:37:43'),
(167, '登陆成功', 'caozha（ID:1，姓名:草札）', '127.0.0.1', '2020-06-04 09:56:19'),
(168, '修改文章，ID：6', 'caozha（ID:1，姓名:草札）', '127.0.0.1', '2020-06-04 11:00:24'),
(169, '退出登陆', 'caozha（ID:1，姓名:草札）', '127.0.0.1', '2020-06-04 12:35:18'),
(170, '登陆成功', 'caozha（ID:1，姓名:草札）', '127.0.0.1', '2020-06-04 12:35:47'),
(171, '修改权限组：超级管理员，ID：1', 'caozha（ID:1，姓名:草札）', '127.0.0.1', '2020-06-04 14:04:59'),
(172, '修改权限组：超级管理员，ID：1', 'caozha（ID:1，姓名:草札）', '127.0.0.1', '2020-06-04 14:05:30'),
(173, '修改权限组：超级管理员，ID：1(Chrome 78.0.3904.108，Windows 10)', 'caozha（ID:1，姓名:草札）', '127.0.0.1', '2020-06-04 15:05:12'),
(174, '修改权限组：内容管理员，ID：2（Chrome 78.0.3904.108，Windows 10）', 'caozha（ID:1，姓名:草札）', '127.0.0.1', '2020-06-04 15:06:01'),
(175, '修改文章，ID：8（Chrome 78.0.3904.108，Windows 10）', 'caozha（ID:1，姓名:草札）', '127.0.0.1', '2020-06-04 16:32:25'),
(176, '登陆成功（Chrome 78.0.3904.108，Windows 10）', 'caozha（ID:1，姓名:草札）', '127.0.0.1', '2020-06-05 16:58:36'),
(177, '登陆成功（Chrome 78.0.3904.108，Windows 10）', 'caozha（ID:1，姓名:草札）', '127.0.0.1', '2020-06-08 11:14:03'),
(178, '登陆成功（Chrome 78.0.3904.108，Windows 10）', 'caozha（ID:1，姓名:草札）', '127.0.0.1', '2020-06-08 16:30:49'),
(179, '登陆成功（Chrome 78.0.3904.108，Windows 10）', 'caozha（ID:1，姓名:草札）', '127.0.0.1', '2020-06-08 23:44:43'),
(180, '登陆成功（Chrome 78.0.3904.108，Windows 10）', 'caozha（ID:1，姓名:草札）', '127.0.0.1', '2020-06-09 13:14:38'),
(181, '登陆成功（Chrome 78.0.3904.108，Windows 10）', 'caozha（ID:1，姓名:草札）', '127.0.0.1', '2020-06-10 15:06:48'),
(182, '修改权限组：超级管理员，ID：1（Chrome 78.0.3904.108，Windows 10）', 'caozha（ID:1，姓名:草札）', '127.0.0.1', '2020-06-10 16:30:46'),
(183, '修改系统设置（Chrome 78.0.3904.108，Windows 10）', 'caozha（ID:1，姓名:草札）', '127.0.0.1', '2020-06-10 16:35:51'),
(184, '登陆成功（Chrome 78.0.3904.108，Windows 10）', 'caozha（ID:1，姓名:草札）', '127.0.0.1', '2020-06-10 22:55:16'),
(185, '审核评论(ID)：14,13,12（Chrome 78.0.3904.108，Windows 10）', 'caozha（ID:1，姓名:草札）', '127.0.0.1', '2020-06-11 01:00:38'),
(186, '取消评论审核(ID)：14,13（Chrome 78.0.3904.108，Windows 10）', 'caozha（ID:1，姓名:草札）', '127.0.0.1', '2020-06-11 01:11:39'),
(187, '通过评论审核(ID)：14,13（Chrome 78.0.3904.108，Windows 10）', 'caozha（ID:1，姓名:草札）', '127.0.0.1', '2020-06-11 01:11:55'),
(188, '设为热门评论(ID)：14（Chrome 78.0.3904.108，Windows 10）', 'caozha（ID:1，姓名:草札）', '127.0.0.1', '2020-06-11 01:12:02'),
(189, '取消热门评论(ID)：14（Chrome 78.0.3904.108，Windows 10）', 'caozha（ID:1，姓名:草札）', '127.0.0.1', '2020-06-11 01:12:10'),
(190, '设为热门评论(ID)：14（Chrome 78.0.3904.108，Windows 10）', 'caozha（ID:1，姓名:草札）', '127.0.0.1', '2020-06-11 01:12:23'),
(191, '取消热门评论(ID)：14（Chrome 78.0.3904.108，Windows 10）', 'caozha（ID:1，姓名:草札）', '127.0.0.1', '2020-06-11 01:12:33'),
(192, '删除评论(ID)：15（Chrome 78.0.3904.108，Windows 10）', 'caozha（ID:1，姓名:草札）', '127.0.0.1', '2020-06-11 01:15:57'),
(193, '取消评论审核(ID)：14（Chrome 78.0.3904.108，Windows 10）', 'caozha（ID:1，姓名:草札）', '127.0.0.1', '2020-06-11 01:21:34'),
(194, '通过评论审核(ID)：14（Chrome 78.0.3904.108，Windows 10）', 'caozha（ID:1，姓名:草札）', '127.0.0.1', '2020-06-11 01:21:38'),
(195, '登陆成功（Chrome 78.0.3904.108，Windows 10）', 'caozha（ID:1，姓名:草札）', '127.0.0.1', '2020-06-11 10:50:10'),
(196, '取消热门评论(ID)：1（Chrome 78.0.3904.108，Windows 10）', 'caozha（ID:1，姓名:草札）', '127.0.0.1', '2020-06-11 10:59:06'),
(197, '设为热门评论(ID)：1（Chrome 78.0.3904.108，Windows 10）', 'caozha（ID:1，姓名:草札）', '127.0.0.1', '2020-06-11 10:59:39'),
(198, '取消热门评论(ID)：1（Chrome 78.0.3904.108，Windows 10）', 'caozha（ID:1，姓名:草札）', '127.0.0.1', '2020-06-11 11:00:53'),
(199, '设为热门评论(ID)：1（Chrome 78.0.3904.108，Windows 10）', 'caozha（ID:1，姓名:草札）', '127.0.0.1', '2020-06-11 11:01:08'),
(200, '退出登陆（Chrome 78.0.3904.108，Windows 10）', 'caozha（ID:1，姓名:草札）', '127.0.0.1', '2020-06-11 11:20:15'),
(201, '登陆成功（Chrome 78.0.3904.108，Windows 10）', 'caozha（ID:1，姓名:草札）', '127.0.0.1', '2020-06-11 11:29:25'),
(202, '取消热门评论(ID)：5（Chrome 78.0.3904.108，Windows 10）', 'caozha（ID:1，姓名:草札）', '127.0.0.1', '2020-06-11 11:32:00'),
(203, '退出登陆（Chrome 78.0.3904.108，Windows 10）', 'caozha（ID:1，姓名:草札）', '127.0.0.1', '2020-06-11 14:44:19'),
(204, '登陆成功（Chrome 78.0.3904.108，Windows 10）', 'caozha（ID:1，姓名:草札）', '127.0.0.1', '2020-06-12 15:57:18'),
(205, '登陆成功（Chrome 78.0.3904.108，Windows 10）', 'caozha（ID:1，姓名:草札）', '127.0.0.1', '2020-06-12 16:07:28'),
(206, '登陆成功（Chrome 78.0.3904.108，Windows 10）', 'caozha（ID:1，姓名:草札）', '127.0.0.1', '2020-06-12 16:15:33'),
(207, '登陆成功（Chrome 78.0.3904.108，Windows 10）', 'caozha（ID:1，姓名:草札）', '127.0.0.1', '2020-06-12 16:17:07'),
(208, '登陆成功（Chrome 78.0.3904.108，Windows 10）', 'caozha（ID:1，姓名:草札）', '127.0.0.1', '2020-06-12 17:23:42'),
(209, '登陆成功（Chrome 78.0.3904.108，Windows 10）', 'caozha（ID:1，姓名:草札）', '127.0.0.1', '2020-06-16 20:13:35'),
(210, '登陆成功（Chrome 78.0.3904.108，Windows 10）', 'caozha（ID:1，姓名:草札）', '127.0.0.1', '2020-06-17 14:55:23'),
(211, '登陆成功（Chrome 78.0.3904.108，Windows 10）', 'caozha（ID:1，姓名:草札）', '127.0.0.1', '2020-06-17 16:00:23'),
(212, '退出登陆（Chrome 78.0.3904.108，Windows 10）', 'caozha（ID:1，姓名:草札）', '127.0.0.1', '2020-06-19 13:41:07'),
(213, '登陆成功（Chrome 78.0.3904.108，Windows 10）', 'caozha（ID:1，姓名:草札）', '127.0.0.1', '2020-06-19 13:41:21'),
(214, '退出登陆（Chrome 78.0.3904.108，Windows 10）', 'caozha（ID:1，姓名:草札）', '127.0.0.1', '2020-06-19 13:41:50'),
(215, '登陆成功（Chrome 78.0.3904.108，Windows 10）', 'caozha（ID:1，姓名:草札）', '127.0.0.1', '2020-06-19 13:42:02'),
(216, '退出登陆（Chrome 78.0.3904.108，Windows 10）', 'caozha（ID:1，姓名:草札）', '127.0.0.1', '2020-06-19 13:46:34'),
(217, '登陆成功（Chrome 78.0.3904.108，Windows 10）', 'caozha（ID:1，姓名:草札）', '127.0.0.1', '2020-06-19 17:46:42'),
(218, '修改系统设置（Chrome 78.0.3904.108，Windows 10）', 'caozha（ID:1，姓名:草札）', '127.0.0.1', '2020-06-19 20:14:54'),
(219, '修改系统设置（Chrome 78.0.3904.108，Windows 10）', 'caozha（ID:1，姓名:草札）', '127.0.0.1', '2020-06-19 20:15:46'),
(220, '修改系统设置（Chrome 78.0.3904.108，Windows 10）', 'caozha（ID:1，姓名:草札）', '127.0.0.1', '2020-06-19 20:28:22'),
(221, '登陆成功（Chrome 78.0.3904.108，Windows 10）', 'caozha（ID:1，姓名:草札）', '127.0.0.1', '2020-06-22 11:12:58'),
(222, '设订单为已处理(ID)：29019（Chrome 78.0.3904.108，Windows 10）', 'caozha（ID:1，姓名:草札）', '127.0.0.1', '2020-06-22 15:31:10'),
(223, '设订单为未处理(ID)：29019（Chrome 78.0.3904.108，Windows 10）', 'caozha（ID:1，姓名:草札）', '127.0.0.1', '2020-06-22 15:31:14'),
(224, '设订单为无效(ID)：29019（Chrome 78.0.3904.108，Windows 10）', 'caozha（ID:1，姓名:草札）', '127.0.0.1', '2020-06-22 15:31:30'),
(225, '设订单为已处理(ID)：29019,28978（Chrome 78.0.3904.108，Windows 10）', 'caozha（ID:1，姓名:草札）', '127.0.0.1', '2020-06-22 15:31:36'),
(226, '删除订单(ID)：29019（Chrome 78.0.3904.108，Windows 10）', 'caozha（ID:1，姓名:草札）', '127.0.0.1', '2020-06-22 15:32:18'),
(227, '软删除订单(ID)：28978（Chrome 78.0.3904.108，Windows 10）', 'caozha（ID:1，姓名:草札）', '127.0.0.1', '2020-06-22 15:43:21'),
(228, '修改权限组：超级管理员，ID：1（Chrome 78.0.3904.108，Windows 10）', 'caozha（ID:1，姓名:草札）', '127.0.0.1', '2020-06-22 15:49:39'),
(229, '修改权限组：超级管理员，ID：1（Chrome 78.0.3904.108，Windows 10）', 'caozha（ID:1，姓名:草札）', '127.0.0.1', '2020-06-22 16:33:38'),
(230, '设订单为已处理(ID)：28977（Chrome 78.0.3904.108，Windows 10）', 'caozha（ID:1，姓名:草札）', '127.0.0.1', '2020-06-22 16:33:45'),
(231, '修改权限组：超级管理员，ID：1（Chrome 78.0.3904.108，Windows 10）', 'caozha（ID:1，姓名:草札）', '127.0.0.1', '2020-06-22 17:14:44'),
(232, '彻底删除订单(ID)：29021（Chrome 78.0.3904.108，Windows 10）', 'caozha（ID:1，姓名:草札）', '127.0.0.1', '2020-06-22 17:29:56'),
(233, '恢复订单(ID)：29020（Chrome 78.0.3904.108，Windows 10）', 'caozha（ID:1，姓名:草札）', '127.0.0.1', '2020-06-22 17:30:14'),
(234, '修改权限组：超级管理员，ID：1（Chrome 78.0.3904.108，Windows 10）', 'caozha（ID:1，姓名:草札）', '127.0.0.1', '2020-06-22 17:35:25'),
(235, '退出登陆（Chrome 78.0.3904.108，Windows 10）', 'caozha（ID:1，姓名:草札）', '127.0.0.1', '2020-06-22 17:49:49'),
(236, '登陆成功（Chrome 78.0.3904.108，Windows 10）', 'caozha（ID:1，姓名:草札）', '127.0.0.1', '2020-06-22 17:50:13'),
(237, '修改权限组：超级管理员，ID：1（Chrome 78.0.3904.108，Windows 10）', 'caozha（ID:1，姓名:草札）', '127.0.0.1', '2020-06-22 18:08:49'),
(238, '修改权限组：超级管理员，ID：1（Chrome 78.0.3904.108，Windows 10）', 'caozha（ID:1，姓名:草札）', '127.0.0.1', '2020-06-22 18:43:03'),
(239, '修改系统设置（Chrome 78.0.3904.108，Windows 10）', 'caozha（ID:1，姓名:草札）', '127.0.0.1', '2020-06-22 20:28:08'),
(240, '新增产品，ID：135（Chrome 78.0.3904.108，Windows 10）', 'caozha（ID:1，姓名:草札）', '127.0.0.1', '2020-06-22 21:45:49'),
(241, '修改产品，ID：135（Chrome 78.0.3904.108，Windows 10）', 'caozha（ID:1，姓名:草札）', '127.0.0.1', '2020-06-22 22:00:06'),
(242, '修改产品，ID：135（Chrome 78.0.3904.108，Windows 10）', 'caozha（ID:1，姓名:草札）', '127.0.0.1', '2020-06-22 22:00:19'),
(243, '删除产品(ID)：124（Chrome 78.0.3904.108，Windows 10）', 'caozha（ID:1，姓名:草札）', '127.0.0.1', '2020-06-22 22:04:37'),
(244, '修改产品，ID：135（Chrome 78.0.3904.108，Windows 10）', 'caozha（ID:1，姓名:草札）', '127.0.0.1', '2020-06-22 22:12:07'),
(245, '登陆成功（Chrome 78.0.3904.108，Windows 10）', 'caozha（ID:1，姓名:草札）', '127.0.0.1', '2020-06-23 09:50:48'),
(246, '修改产品，ID：135（Chrome 78.0.3904.108，Windows 10）', 'caozha（ID:1，姓名:草札）', '127.0.0.1', '2020-06-23 09:52:27'),
(247, '修改产品，ID：135（Chrome 78.0.3904.108，Windows 10）', 'caozha（ID:1，姓名:草札）', '127.0.0.1', '2020-06-23 10:52:48'),
(248, '修改产品，ID：134（Chrome 78.0.3904.108，Windows 10）', 'caozha（ID:1，姓名:草札）', '127.0.0.1', '2020-06-23 10:52:56'),
(249, '修改系统设置（Chrome 78.0.3904.108，Windows 10）', 'caozha（ID:1，姓名:草札）', '127.0.0.1', '2020-06-23 11:25:58'),
(250, '修改系统设置（Chrome 78.0.3904.108，Windows 10）', 'caozha（ID:1，姓名:草札）', '127.0.0.1', '2020-06-23 14:05:15'),
(251, '修改产品，ID：135（Chrome 78.0.3904.108，Windows 10）', 'caozha（ID:1，姓名:草札）', '127.0.0.1', '2020-06-23 14:58:35'),
(252, '修改产品，ID：134（Chrome 78.0.3904.108，Windows 10）', 'caozha（ID:1，姓名:草札）', '127.0.0.1', '2020-06-23 18:02:33'),
(253, '修改产品，ID：135（Chrome 78.0.3904.108，Windows 10）', 'caozha（ID:1，姓名:草札）', '127.0.0.1', '2020-06-23 18:03:28'),
(254, '修改产品，ID：135（Chrome 78.0.3904.108，Windows 10）', 'caozha（ID:1，姓名:草札）', '127.0.0.1', '2020-06-23 18:03:45'),
(255, '修改产品，ID：135（Chrome 78.0.3904.108，Windows 10）', 'caozha（ID:1，姓名:草札）', '127.0.0.1', '2020-06-23 18:55:42'),
(256, '修改产品，ID：135（Chrome 78.0.3904.108，Windows 10）', 'caozha（ID:1，姓名:草札）', '127.0.0.1', '2020-06-23 19:05:06'),
(257, '修改产品，ID：135（Chrome 78.0.3904.108，Windows 10）', 'caozha（ID:1，姓名:草札）', '127.0.0.1', '2020-06-23 19:23:44'),
(258, '修改产品，ID：135（Chrome 78.0.3904.108，Windows 10）', 'caozha（ID:1，姓名:草札）', '127.0.0.1', '2020-06-23 20:23:55'),
(259, '软删除订单(ID)：29023（Safari 537.36，Windows 10）', 'caozha（ID:1，姓名:草札）', '127.0.0.1', '2020-06-23 21:20:42'),
(260, '登陆成功（Safari 537.36，Windows 10）', 'caozha（ID:1，姓名:草札）', '127.0.0.1', '2020-06-24 09:55:05'),
(261, '修改系统设置（Safari 537.36，Windows 10）', 'caozha（ID:1，姓名:草札）', '127.0.0.1', '2020-06-24 10:15:04'),
(262, '下载订单（csv），s=admin/order/get.html&is_export=1&export_type=csv（Safari 537.36，Windows 10）', 'caozha（ID:1，姓名:草札）', '127.0.0.1', '2020-06-24 17:34:51'),
(263, '下载订单：客户订单(csv 共189条)_20200624173951.csv，s=admin/order/get.html&is_export=1&export_type=csv（Safari 537.36，Windows 10）', 'caozha（ID:1，姓名:草札）', '127.0.0.1', '2020-06-24 17:39:51'),
(264, '下载订单：客户订单(共189条)_20200624175957.csv，s=admin/order/get.html&is_export=1&export_type=csv（Safari 537.36，Windows 10）', 'caozha（ID:1，姓名:草札）', '127.0.0.1', '2020-06-24 17:59:57'),
(265, '下载订单：客户订单(共189条)_20200624181706.csv，s=admin/order/get.html&is_export=1&export_type=csv（Safari 537.36，Windows 10）', 'caozha（ID:1，姓名:草札）', '127.0.0.1', '2020-06-24 18:17:06'),
(266, '下载订单：客户订单(共189条)_20200624192134.xls，s=admin/order/get.html&is_export=1&export_type=xls（Safari 537.36，Windows 10）', 'caozha（ID:1，姓名:草札）', '127.0.0.1', '2020-06-24 19:21:34'),
(267, '下载订单：客户订单(共189条)_20200624192402.xls，s=admin/order/get.html&is_export=1&export_type=xls（Safari 537.36，Windows 10）', 'caozha（ID:1，姓名:草札）', '127.0.0.1', '2020-06-24 19:24:02'),
(268, '下载订单：客户订单(共189条)_20200624192533.xls，s=admin/order/get.html&is_export=1&export_type=xls（Safari 537.36，Windows 10）', 'caozha（ID:1，姓名:草札）', '127.0.0.1', '2020-06-24 19:25:33'),
(269, '下载订单：客户订单(共189条)_20200624192643.xlsx，s=admin/order/get.html&is_export=1&export_type=xlsx（Safari 537.36，Windows 10）', 'caozha（ID:1，姓名:草札）', '127.0.0.1', '2020-06-24 19:26:43'),
(270, '下载订单：客户订单(共189条)_20200624193536.xls，s=admin/order/get.html&is_export=1&export_type=xls（Safari 537.36，Windows 10）', 'caozha（ID:1，姓名:草札）', '127.0.0.1', '2020-06-24 19:35:36'),
(271, '下载订单：客户订单(共189条)_20200624193620.xlsx，s=admin/order/get.html&is_export=1&export_type=xlsx（Safari 537.36，Windows 10）', 'caozha（ID:1，姓名:草札）', '127.0.0.1', '2020-06-24 19:36:20'),
(272, '下载订单：客户订单(共189条)_20200624194703.xls，s=admin/order/get.html&is_export=1&export_type=xls（Safari 537.36，Windows 10）', 'caozha（ID:1，姓名:草札）', '127.0.0.1', '2020-06-24 19:47:03'),
(273, '下载订单：客户订单(共189条)_20200624194902.csv，s=admin/order/get.html&is_export=1&export_type=csv（Safari 537.36，Windows 10）', 'caozha（ID:1，姓名:草札）', '127.0.0.1', '2020-06-24 19:49:02'),
(274, '下载订单：客户订单(共1条)_20200624194920.csv，s=admin/order/get.html&is_export=1&keyword=&status=1&payment=&keyword=&status=2&payment=&export_type=csv（Safari 537.36，Windows 10）', 'caozha（ID:1，姓名:草札）', '127.0.0.1', '2020-06-24 19:49:20'),
(275, '下载订单：客户订单(共1条)_20200624194933.xls，s=admin/order/get.html&is_export=1&keyword=&status=1&payment=&keyword=&status=2&payment=&export_type=xls（Safari 537.36，Windows 10）', 'caozha（ID:1，姓名:草札）', '127.0.0.1', '2020-06-24 19:49:33'),
(276, '下载订单：客户订单(共1条)_20200624194944.xlsx，s=admin/order/get.html&is_export=1&keyword=&status=1&payment=&keyword=&status=2&payment=&export_type=xlsx（Safari 537.36，Windows 10）', 'caozha（ID:1，姓名:草札）', '127.0.0.1', '2020-06-24 19:49:44'),
(277, '下载订单：客户订单(共1条)_20200624195004.xls，s=admin/order/get.html&is_export=1&keyword=&status=1&payment=&keyword=&status=2&payment=&export_type=xls（Safari 537.36，Windows 10）', 'caozha（ID:1，姓名:草札）', '127.0.0.1', '2020-06-24 19:50:04'),
(278, '下载订单：客户订单(共1条)_20200624195007.xlsx，s=admin/order/get.html&is_export=1&keyword=&status=1&payment=&keyword=&status=2&payment=&export_type=xlsx（Safari 537.36，Windows 10）', 'caozha（ID:1，姓名:草札）', '127.0.0.1', '2020-06-24 19:50:07'),
(279, '下载订单：客户订单(共189条)_20200624195707.xls，s=admin/order/get.html&is_export=1&export_type=xls（Safari 537.36，Windows 10）', 'caozha（ID:1，姓名:草札）', '127.0.0.1', '2020-06-24 19:57:07'),
(280, '下载订单：客户订单(共1条)_20200624195830.xlsx，s=admin/order/get.html&is_export=1&keyword=&status=2&payment=&export_type=xlsx（Safari 537.36，Windows 10）', 'caozha（ID:1，姓名:草札）', '127.0.0.1', '2020-06-24 19:58:30'),
(281, '下载订单：客户订单(共189条)_20200624200012.xlsx，s=admin/order/get.html&is_export=1&keyword=&status=2&payment=&keyword=&status=&payment=&export_type=xlsx（Safari 537.36，Windows 10）', 'caozha（ID:1，姓名:草札）', '127.0.0.1', '2020-06-24 20:00:12'),
(282, '下载订单：客户订单(共189条)_20200624200114.xls，s=admin/order/get.html&is_export=1&keyword=&status=2&payment=&keyword=&status=&payment=&export_type=xls（Safari 537.36，Windows 10）', 'caozha（ID:1，姓名:草札）', '127.0.0.1', '2020-06-24 20:01:14'),
(283, '下载订单：客户订单(共43条)_20200624200536.csv，s=admin/order/get.html&is_del=1&is_export=1&export_type=csv（Safari 537.36，Windows 10）', 'caozha（ID:1，姓名:草札）', '127.0.0.1', '2020-06-24 20:05:36'),
(284, '下载订单：客户订单(共43条)_20200624200552.xls，s=admin/order/get.html&is_del=1&is_export=1&export_type=xls（Safari 537.36，Windows 10）', 'caozha（ID:1，姓名:草札）', '127.0.0.1', '2020-06-24 20:05:52'),
(285, '下载订单：客户订单(共1条)_20200624200736.xls，s=admin/order/get.html&is_del=1&is_export=1&keyword=&status=1&payment=&keyword=&status=2&payment=&export_type=xls（Safari 537.36，Windows 10）', 'caozha（ID:1，姓名:草札）', '127.0.0.1', '2020-06-24 20:07:36'),
(286, '修改系统设置（Safari 537.36，Windows 10）', 'caozha（ID:1，姓名:草札）', '127.0.0.1', '2020-06-24 21:09:03'),
(287, '修改系统设置（Safari 537.36，Windows 10）', 'caozha（ID:1，姓名:草札）', '127.0.0.1', '2020-06-24 21:09:25'),
(288, '下载订单：客户订单(共189条)_20200624211421.csv，s=admin/order/get.html&is_export=1&export_type=csv（Safari 537.36，Windows 10）', 'caozha（ID:1，姓名:草札）', '127.0.0.1', '2020-06-24 21:14:21'),
(289, '修改权限组：超级管理员，ID：1（Safari 537.36，Windows 10）', 'caozha（ID:1，姓名:草札）', '127.0.0.1', '2020-06-24 21:14:31'),
(290, '修改权限组：超级管理员，ID：1（Safari 537.36，Windows 10）', 'caozha（ID:1，姓名:草札）', '127.0.0.1', '2020-06-24 21:15:22'),
(291, '新增产品，ID：1（Safari 537.36，Windows 10）', 'caozha（ID:1，姓名:草札）', '127.0.0.1', '2020-06-24 21:20:46'),
(292, '新增产品，ID：2（Safari 537.36，Windows 10）', 'caozha（ID:1，姓名:草札）', '127.0.0.1', '2020-06-24 21:25:02'),
(293, '修改产品，ID：2（Safari 537.36，Windows 10）', 'caozha（ID:1，姓名:草札）', '127.0.0.1', '2020-06-24 21:26:05'),
(294, '修改产品，ID：2（Safari 537.36，Windows 10）', 'caozha（ID:1，姓名:草札）', '127.0.0.1', '2020-06-24 21:30:13'),
(295, '修改产品，ID：2（Safari 537.36，Windows 10）', 'caozha（ID:1，姓名:草札）', '127.0.0.1', '2020-06-24 21:30:21'),
(296, '修改产品，ID：2（Safari 537.36，Windows 10）', 'caozha（ID:1，姓名:草札）', '127.0.0.1', '2020-06-24 21:30:49'),
(297, '修改产品，ID：2（Safari 537.36，Windows 10）', 'caozha（ID:1，姓名:草札）', '127.0.0.1', '2020-06-24 21:31:16'),
(298, '软删除订单(ID)：2（Safari 537.36，Windows 10）', 'caozha（ID:1，姓名:草札）', '127.0.0.1', '2020-06-24 21:49:07');

-- --------------------------------------------------------

--
-- 表的结构 `cz_web_config`
--

CREATE TABLE `cz_web_config` (
  `id` int(11) NOT NULL,
  `web_config` text COLLATE utf8mb4_unicode_ci
) ENGINE=MyISAM DEFAULT CHARSET=utf8mb4 COLLATE=utf8mb4_unicode_ci;

--
-- 转存表中的数据 `cz_web_config`
--

INSERT INTO `cz_web_config` (`id`, `web_config`) VALUES
(1, '{\"share_url\":\"http:\\/\\/www.caozha.com(\\u6b64URL\\u53ef\\u5728\\u7cfb\\u7edf\\u8bbe\\u7f6e\\u4e2d\\u4fee\\u6539)\",\"admin_limit\":\"15\",\"roles_limit\":\"15\",\"syslog_limit\":\"15\",\"order_limit\":\"10\",\"product_limit\":\"10\"}');

--
-- 转储表的索引
--

--
-- 表的索引 `cz_administrators`
--
ALTER TABLE `cz_administrators`
  ADD PRIMARY KEY (`admin_id`);

--
-- 表的索引 `cz_order`
--
ALTER TABLE `cz_order`
  ADD PRIMARY KEY (`order_id`);

--
-- 表的索引 `cz_product`
--
ALTER TABLE `cz_product`
  ADD PRIMARY KEY (`pro_id`);

--
-- 表的索引 `cz_roles`
--
ALTER TABLE `cz_roles`
  ADD PRIMARY KEY (`role_id`);

--
-- 表的索引 `cz_syslog`
--
ALTER TABLE `cz_syslog`
  ADD PRIMARY KEY (`log_id`);

--
-- 表的索引 `cz_web_config`
--
ALTER TABLE `cz_web_config`
  ADD PRIMARY KEY (`id`);

--
-- 在导出的表使用AUTO_INCREMENT
--

--
-- 使用表AUTO_INCREMENT `cz_administrators`
--
ALTER TABLE `cz_administrators`
  MODIFY `admin_id` int(11) NOT NULL AUTO_INCREMENT COMMENT '管理员ID', AUTO_INCREMENT=26;

--
-- 使用表AUTO_INCREMENT `cz_order`
--
ALTER TABLE `cz_order`
  MODIFY `order_id` int(11) NOT NULL AUTO_INCREMENT, AUTO_INCREMENT=5;

--
-- 使用表AUTO_INCREMENT `cz_product`
--
ALTER TABLE `cz_product`
  MODIFY `pro_id` int(11) NOT NULL AUTO_INCREMENT, AUTO_INCREMENT=3;

--
-- 使用表AUTO_INCREMENT `cz_roles`
--
ALTER TABLE `cz_roles`
  MODIFY `role_id` int(11) NOT NULL AUTO_INCREMENT COMMENT '权限组ID', AUTO_INCREMENT=4;

--
-- 使用表AUTO_INCREMENT `cz_syslog`
--
ALTER TABLE `cz_syslog`
  MODIFY `log_id` int(11) NOT NULL AUTO_INCREMENT, AUTO_INCREMENT=299;

--
-- 使用表AUTO_INCREMENT `cz_web_config`
--
ALTER TABLE `cz_web_config`
  MODIFY `id` int(11) NOT NULL AUTO_INCREMENT, AUTO_INCREMENT=2;
COMMIT;

/*!40101 SET CHARACTER_SET_CLIENT=@OLD_CHARACTER_SET_CLIENT */;
/*!40101 SET CHARACTER_SET_RESULTS=@OLD_CHARACTER_SET_RESULTS */;
/*!40101 SET COLLATION_CONNECTION=@OLD_COLLATION_CONNECTION */;
